zona;data_mostra;parametre;valor;unitat
ZONA PEIRÓ;20/04/2026;Microbiologia;Correcte;
ZONA PEIRÓ;20/04/2026;Organolèptic;Correcte;
ZONA PEIRÓ;20/04/2026;pH;7.8;unitats pH
ZONA PEIRÓ;20/04/2026;Conductivitat;457;µS/cm
ZONA PEIRÓ;20/04/2026;Terbolesa;0.20;UNF
ZONA PEIRÓ;20/04/2026;Clor lliure;0.55;mg/L
ZONA PEIRÓ;29/01/2026;Duresa;160.3;mg/L CaCO3
ZONA PEIRÓ;29/01/2026;Clorurs;23.3;mg/L
ZONA PEIRÓ;29/01/2026;Nitrats;0.5;mg/L

ZONA CREUS;20/04/2026;Microbiologia;Correcte;
ZONA CREUS;20/04/2026;Organolèptic;Correcte;
ZONA CREUS;20/04/2026;pH;7.9;unitats pH
ZONA CREUS;20/04/2026;Conductivitat;624;µS/cm
ZONA CREUS;20/04/2026;Terbolesa;0.20;UNF
ZONA CREUS;20/04/2026;Clor lliure;0.53;mg/L
ZONA CREUS;29/01/2026;Duresa;234.4;mg/L CaCO3
ZONA CREUS;29/01/2026;Clorurs;36.1;mg/L
ZONA CREUS;29/01/2026;Nitrats;36.8;mg/L

ZONA ERMITA;18/03/2026;Microbiologia;Correcte;
ZONA ERMITA;18/03/2026;Organolèptic;Correcte;
ZONA ERMITA;18/03/2026;pH;7.5;unitats pH
ZONA ERMITA;18/03/2026;Conductivitat;671;µS/cm
ZONA ERMITA;18/03/2026;Terbolesa;1.22;UNF
ZONA ERMITA;18/03/2026;Clor lliure;0.21;mg/L
ZONA ERMITA;25/06/2025;Duresa;248.7;mg/L CaCO3
ZONA ERMITA;09/03/2026;Clorurs;38.81;mg/L
ZONA ERMITA;09/03/2026;Nitrats;0.50;mg/L

ZONA CLUB MONT-ROIG;28/04/2026;Microbiologia;Correcte;
ZONA CLUB MONT-ROIG;23/04/2026;Organolèptic;Correcte;
ZONA CLUB MONT-ROIG;23/04/2026;pH;7.8;unitats pH
ZONA CLUB MONT-ROIG;23/04/2026;Conductivitat;517;µS/cm
ZONA CLUB MONT-ROIG;23/04/2026;Terbolesa;0.20;UNF
ZONA CLUB MONT-ROIG;23/04/2026;Clor lliure;0.21;mg/L
ZONA CLUB MONT-ROIG;30/01/2026;Duresa;220.9;mg/L CaCO3
ZONA CLUB MONT-ROIG;30/01/2026;Clorurs;34.6;mg/L
ZONA CLUB MONT-ROIG;30/01/2026;Nitrats;37.7;mg/L

ZONA BADIA-MAINOU-JARDINS-BALNEARI;23/04/2026;Microbiologia;Correcte;
ZONA BADIA-MAINOU-JARDINS-BALNEARI;23/04/2026;Organolèptic;Correcte;
ZONA BADIA-MAINOU-JARDINS-BALNEARI;23/04/2026;pH;8.0;unitats pH
ZONA BADIA-MAINOU-JARDINS-BALNEARI;23/04/2026;Conductivitat;507;µS/cm
ZONA BADIA-MAINOU-JARDINS-BALNEARI;23/04/2026;Terbolesa;0.20;UNF
ZONA BADIA-MAINOU-JARDINS-BALNEARI;23/04/2026;Clor lliure;0.31;mg/L
ZONA BADIA-MAINOU-JARDINS-BALNEARI;23/02/2026;Duresa;210.4;mg/L CaCO3
ZONA BADIA-MAINOU-JARDINS-BALNEARI;23/02/2026;Clorurs;37.8;mg/L
ZONA BADIA-MAINOU-JARDINS-BALNEARI;23/02/2026;Nitrats;36.6;mg/L

ZONA SANT MIQUEL-RUSTICAL;25/03/2026;Microbiologia;Correcte;
ZONA SANT MIQUEL-RUSTICAL;25/03/2026;Organolèptic;Correcte;
ZONA SANT MIQUEL-RUSTICAL;25/03/2026;pH;7.6;unitats pH
ZONA SANT MIQUEL-RUSTICAL;25/03/2026;Conductivitat;1842;µS/cm
ZONA SANT MIQUEL-RUSTICAL;25/03/2026;Terbolesa;0.73;UNF
ZONA SANT MIQUEL-RUSTICAL;25/03/2026;Clor lliure;0.38;mg/L
ZONA SANT MIQUEL-RUSTICAL;24/02/2026;Duresa;722.8;mg/L CaCO3
ZONA SANT MIQUEL-RUSTICAL;24/02/2026;Clorurs;581.29;mg/L
ZONA SANT MIQUEL-RUSTICAL;24/02/2026;Nitrats;14.1;mg/L

ZONA MASOS-GUARDAMAR-RIBERA;28/04/2026;Microbiologia;Correcte;
ZONA MASOS-GUARDAMAR-RIBERA;23/04/2026;Organolèptic;Correcte;
ZONA MASOS-GUARDAMAR-RIBERA;25/03/2026;pH;7.7;unitats pH
ZONA MASOS-GUARDAMAR-RIBERA;25/03/2026;Conductivitat;770;µS/cm
ZONA MASOS-GUARDAMAR-RIBERA;25/03/2026;Terbolesa;0.20;UNF
ZONA MASOS-GUARDAMAR-RIBERA;23/04/2026;Clor lliure;0.26;mg/L
ZONA MASOS-GUARDAMAR-RIBERA;01/10/2025;Duresa;399.5;mg/L CaCO3
ZONA MASOS-GUARDAMAR-RIBERA;18/03/2026;Clorurs;74.5;mg/L
ZONA MASOS-GUARDAMAR-RIBERA;18/03/2026;Nitrats;18.2;mg/L

ZONA PINS DE MIRAMAR;28/04/2026;Microbiologia;Correcte;
ZONA PINS DE MIRAMAR;23/04/2026;Organolèptic;Correcte;
ZONA PINS DE MIRAMAR;23/04/2026;pH;7.5;unitats pH
ZONA PINS DE MIRAMAR;23/04/2026;Conductivitat;1869;µS/cm
ZONA PINS DE MIRAMAR;23/04/2026;Terbolesa;0.20;UNF
ZONA PINS DE MIRAMAR;23/04/2026;Clor lliure;0.28;mg/L
ZONA PINS DE MIRAMAR;01/10/2025;Duresa;399.5;mg/L CaCO3
ZONA PINS DE MIRAMAR;18/03/2026;Clorurs;522.8;mg/L
ZONA PINS DE MIRAMAR;18/03/2026;Nitrats;17.6;mg/L

ZONA SOLEMIO;23/04/2026;Microbiologia;Correcte;
ZONA SOLEMIO;23/04/2026;Organolèptic;Correcte;
ZONA SOLEMIO;23/04/2026;pH;7.5;unitats pH
ZONA SOLEMIO;23/04/2026;Conductivitat;1862;µS/cm
ZONA SOLEMIO;23/04/2026;Terbolesa;0.20;UNF
ZONA SOLEMIO;23/04/2026;Clor lliure;0.32;mg/L
ZONA SOLEMIO;23/02/2026;Duresa;601.8;mg/L CaCO3
ZONA SOLEMIO;23/02/2026;Clorurs;471.33;mg/L
ZONA SOLEMIO;23/02/2026;Nitrats;26.95;mg/L

ZONA MIAMI PLATJA;28/04/2026;Microbiologia;Correcte;
ZONA MIAMI PLATJA;20/04/2026;Organolèptic;Correcte;
ZONA MIAMI PLATJA;20/04/2026;pH;7.8;unitats pH
ZONA MIAMI PLATJA;20/04/2026;Conductivitat;875;µS/cm
ZONA MIAMI PLATJA;20/04/2026;Terbolesa;2.05;UNF
ZONA MIAMI PLATJA;20/04/2026;Clor lliure;0.21;mg/L
ZONA MIAMI PLATJA;23/02/2026;Duresa;899.1;mg/L CaCO3
ZONA MIAMI PLATJA;25/02/2026;Clorurs;831.06;mg/L
ZONA MIAMI PLATJA;23/02/2026;Nitrats;21.18;mg/L

ZONA COSTA ZÈFIR;20/04/2026;Microbiologia;Correcte;
ZONA COSTA ZÈFIR;20/04/2026;Organolèptic;Correcte;
ZONA COSTA ZÈFIR;20/04/2026;pH;7.4;unitats pH
ZONA COSTA ZÈFIR;20/04/2026;Conductivitat;2580;µS/cm
ZONA COSTA ZÈFIR;20/04/2026;Terbolesa;0.20;UNF
ZONA COSTA ZÈFIR;20/04/2026;Clor lliure;0.34;mg/L
ZONA COSTA ZÈFIR;20/04/2026;Duresa;770.6;mg/L CaCO3
ZONA COSTA ZÈFIR;20/04/2026;Clorurs;641.4;mg/L
ZONA COSTA ZÈFIR;20/04/2026;Nitrats;6.0;mg/L

ZONA ROMA;25/03/2026;Microbiologia;Correcte;
ZONA ROMA;25/03/2026;Organolèptic;Correcte;
ZONA ROMA;25/03/2026;pH;7.6;unitats pH
ZONA ROMA;25/03/2026;Conductivitat;779;µS/cm
ZONA ROMA;25/03/2026;Terbolesa;0.20;UNF
ZONA ROMA;25/03/2026;Clor lliure;0.37;mg/L
ZONA ROMA;28/01/2026;Duresa;365.1;mg/L CaCO3
ZONA ROMA;28/01/2026;Clorurs;175.2;mg/L
ZONA ROMA;28/01/2026;Nitrats;11.1;mg/L

ZONA RANXOS;20/04/2026;Microbiologia;Correcte;
ZONA RANXOS;20/04/2026;Organolèptic;Correcte;
ZONA RANXOS;20/04/2026;pH;7.7;unitats pH
ZONA RANXOS;20/04/2026;Conductivitat;796;µS/cm
ZONA RANXOS;20/04/2026;Terbolesa;0.20;UNF
ZONA RANXOS;20/04/2026;Clor lliure;0.45;mg/L
ZONA RANXOS;30/09/2025;Duresa;453.6;mg/L CaCO3
ZONA RANXOS;18/03/2026;Clorurs;684.8;mg/L
ZONA RANXOS;18/03/2026;Nitrats;10.4;mg/L

ZONA BONMONT;20/04/202;Microbiologia;Correcte;
ZONA BONMONT;20/04/202;Organolèptic;Correcte;
ZONA BONMONT;20/04/202;pH;7.7;unitats pH
ZONA BONMONT;20/04/202;Conductivitat;573;µS/cm
ZONA BONMONT;20/04/202;Terbolesa;0.20;UNF
ZONA BONMONT;20/04/202;Clor lliure;0.76;mg/L
ZONA BONMONT;29/10/2025;Duresa;293.4;mg/L CaCO3
ZONA BONMONT;18/03/2026;Clorurs;32.0;mg/L
ZONA BONMONT;18/03/2026;Nitrats;7.9;mg/L

ZONA VIA MARINA;23/04/2026;Microbiologia;Correcte;
ZONA VIA MARINA;23/04/2026;Organolèptic;Correcte;
ZONA VIA MARINA;23/04/2026;pH;7.9;unitats pH
ZONA VIA MARINA;23/04/2026;Conductivitat;829;µS/cm
ZONA VIA MARINA;23/04/2026;Terbolesa;0.20;UNF
ZONA VIA MARINA;23/04/2026;Clor lliure;0.46;mg/L
ZONA VIA MARINA;18/02/2026;Duresa;419.3;mg/L CaCO3
ZONA VIA MARINA;18/02/2026;Clorurs;138.26;mg/L
ZONA VIA MARINA;18/02/2026;Nitrats;15.87;mg/L